correlation_original_vs_personalized,mse_original_vs_personalized,snr_original_vs_personalized,spectral_diff_original_vs_personalized,correlation_original_vs_benchmark,mse_original_vs_benchmark,snr_original_vs_benchmark,spectral_diff_original_vs_benchmark,correlation_personalized_vs_benchmark,mse_personalized_vs_benchmark,snr_personalized_vs_benchmark,spectral_diff_personalized_vs_benchmark,person_id
0.13335135044504956,0.014540611121731217,-0.3386807266115793,10.03783464922435,-0.13120968099020122,0.007880400831998813,-2.640416956188787,12.62352663500409,-0.03674150183682126,0.018298460695393832,-6.2990794494270155,14.403104538417686,person1
0.18217952244212357,0.024306208343157998,0.04784426210504053,14.07536857156454,-0.09962834053720056,0.007316562823832602,-2.65787160543663,12.425010166857378,-0.04299419243853766,0.029392073797192886,-8.697102838986263,15.915314288995036,person2
0.11072545995811284,0.009945281508501935,-0.7877012924594091,7.553687655238612,-0.09962834053720056,0.007316562823832602,-2.65787160543663,12.425010166857378,-0.0650331472286975,0.01300930025756486,-5.1573399193376845,13.576449285224738,person3
0.08768392383502657,0.011405426298691642,-0.748125842852677,9.92554672726529,-0.13120968099020122,0.007880400831998813,-2.640416956188787,12.62352663500409,-0.04886955480916242,0.014518394827592354,-5.294119902932886,14.205917873389481,person4
0.10280042327251906,0.010040445105308216,-0.8178473689686755,8.256156793529856,-0.09962834053720056,0.007316562823832602,-2.65787160543663,12.425010166857378,-0.06232407021754054,0.013000585622941744,-5.1544297044389085,13.821120962758435,person5
0.09404893972331735,0.010675663602029614,-0.7900270055412799,9.250648706357355,-0.23548535163748827,0.009306551389652936,-2.7880700383586543,12.093382337913674,-0.05496492892977625,0.014523404507298684,-4.720866575675831,13.99179424326038,person6
